{"cameraMode":{"drawMode":0,"name":"Shaded","section":"Shading Mode"},"sceneLighting":true,"audioPlay":false,"sceneViewState":{"showFog":true,"showMaterialUpdate":false,"showSkybox":true,"showFlares":true,"showImageEffects":true,"showParticleSystems":true},"in2DMode":false,"pivot":{"x":3.718212604522705,"y":-29.018028259277345,"z":2.4065723419189455},"rotation":{"x":-0.36847010254859927,"y":0.44518232345581057,"z":-0.20785072445869447,"w":-0.7892033457756043},"size":110.4339370727539,"orthographic":false}